Дата и время,Описание,Категория,Сумма (RUB),Остаток (RUB)
2026-03-01 09:46,Вкусно - и точка,Фастфуд,-560.75,34439.25
2026-03-01 09:53,Пятерочка,Супермаркеты,-729.37,33709.88
2026-03-01 20:21,Метрополитен,Транспорт,-57.0,33652.88
2026-03-02 11:25,Пятерочка,Супермаркеты,-2709.22,30943.66
2026-03-02 15:48,Пятерочка,Супермаркеты,-1988.64,28955.02
2026-03-02 21:58,Вкусно - и точка,Фастфуд,-676.06,28278.96
2026-03-03 10:09,Вкусно - и точка,Фастфуд,-658.0,27620.96
2026-03-03 20:29,Вкусно - и точка,Фастфуд,-616.72,27004.24
2026-03-04 10:05,Yandex.Plus,Подписки/Цифровой контент,-1.0,27003.24
2026-03-04 11:01,Пятерочка,Супермаркеты,-577.24,26426.0
2026-03-05 09:39,Аптека Столички,Аптеки,-1319.04,25106.96
2026-03-05 12:27,Wildberries,Маркетплейсы,-1713.8,23393.16
2026-03-05 19:05,Магнит,Супермаркеты,-1349.25,22043.91
2026-03-06 20:34,Ситимобил,Транспорт,-828.24,21215.67
2026-03-07 12:30,Пятерочка,Супермаркеты,-2958.97,18256.7
2026-03-07 13:26,Пятерочка,Супермаркеты,-2302.28,15954.42
2026-03-07 18:10,Яндекс Такси,Транспорт,-182.12,15772.3
2026-03-07 18:25,Магнит,Супермаркеты,-1434.47,14337.83
2026-03-08 08:48,АлиЭкспресс,Маркетплейсы,-1769.93,12567.9
2026-03-08 12:09,Вкусно - и точка,Фастфуд,-556.57,12011.33
2026-03-08 18:09,Магнит,Супермаркеты,-1836.64,10174.69
2026-03-08 19:05,Яндекс Такси,Транспорт,-1052.83,9121.86
2026-03-09 13:08,Wildberries,Маркетплейсы,-3793.4,5328.46
2026-03-09 16:07,Вкусно - и точка,Фастфуд,-1173.68,4154.78
2026-03-09 17:24,Аптека Столички,Аптеки,-583.72,3571.06
2026-03-10 12:03,Зачисление заработной платы,Зарплата,85000.0,88571.06
2026-03-10 13:28,Метрополитен,Транспорт,-57.0,88514.06
2026-03-10 19:45,АлиЭкспресс,Маркетплейсы,-1503.05,87011.01
2026-03-11 13:14,Магнит,Супермаркеты,-1431.83,85579.18
2026-03-11 13:32,Вкусно - и точка,Фастфуд,-734.41,84844.77
2026-03-11 20:01,Самокат,Доставка продуктов,-814.81,84029.96
2026-03-11 21:33,Перекресток,Супермаркеты,-2325.57,81704.39
2026-03-12 09:12,Пятерочка,Супермаркеты,-2827.13,78877.26
2026-03-12 12:25,ВкусВилл,Супермаркеты,-1818.39,77058.87
2026-03-12 16:15,Магнит,Супермаркеты,-788.62,76270.25
2026-03-12 18:56,NETFLIX * ENTERTAINMENT,Развлечения,-999.0,75271.25
2026-03-13 11:05,ВкусВилл,Супермаркеты,-829.2,74442.05
2026-03-13 22:01,Wildberries,Маркетплейсы,-4479.64,69962.41
2026-03-14 10:50,Wildberries,Маркетплейсы,-4222.46,65739.95
2026-03-14 14:49,Метрополитен,Транспорт,-57.0,65682.95
2026-03-14 16:08,Магнит,Супермаркеты,-951.69,64731.26
2026-03-15 07:25,DDX MOSCOW,Спорт и фитнес,-1700.0,63031.26
2026-03-15 21:36,Самокат,Доставка продуктов,-1156.52,61874.74
2026-03-16 11:53,Яндекс Такси,Транспорт,-684.35,61190.39
2026-03-16 13:44,Бургер Кинг,Фастфуд,-976.28,60214.11
2026-03-16 17:40,Вкусно - и точка,Фастфуд,-1121.21,59092.9
2026-03-16 20:38,Пятерочка,Супермаркеты,-2715.15,56377.75
2026-03-17 21:29,Ozon,Маркетплейсы,-546.45,55831.3
2026-03-18 10:24,Wildberries,Маркетплейсы,-1027.62,54803.68
2026-03-18 13:22,Аптека Столички,Аптеки,-2581.82,52221.86
2026-03-18 13:51,ВкусВилл,Супермаркеты,-1632.46,50589.4
2026-03-19 16:16,АлиЭкспресс,Маркетплейсы,-887.98,49701.42
2026-03-20 12:32,Самокат,Доставка продуктов,-446.79,49254.63
2026-03-20 13:04,АлиЭкспресс,Маркетплейсы,-1162.16,48092.47
2026-03-21 08:37,Пятерочка,Супермаркеты,-2843.82,45248.65
2026-03-21 13:15,Wildberries,Маркетплейсы,-4341.44,40907.21
2026-03-21 15:36,Ситимобил,Транспорт,-408.96,40498.25
2026-03-22 10:07,Яндекс Такси,Транспорт,-1439.05,39059.2
2026-03-22 10:58,Music VKontakte,Музыка,-169.0,38890.2
2026-03-22 17:36,Самокат,Доставка продуктов,-1309.02,37581.18
2026-03-22 19:29,Яндекс Такси,Транспорт,-485.36,37095.82
2026-03-22 22:17,Вкусно - и точка,Фастфуд,-753.71,36342.11
2026-03-23 19:08,Ситимобил,Транспорт,-662.14,35679.97
2026-03-24 12:45,Бургер Кинг,Фастфуд,-819.44,34860.53
2026-03-24 15:32,Бургер Кинг,Фастфуд,-891.15,33969.38
2026-03-24 16:09,Вкусно - и точка,Фастфуд,-194.9,33774.48
2026-03-24 22:14,Яндекс Такси,Транспорт,-1325.13,32449.35
2026-03-25 08:17,Аптека Столички,Аптеки,-577.83,31871.52
2026-03-25 08:31,Ситимобил,Транспорт,-230.38,31641.14
2026-03-25 09:20,Зачисление заработной платы,Зарплата,85000.0,116641.14
2026-03-25 09:55,ВкусВилл,Супермаркеты,-1500.78,115140.36
2026-03-25 14:22,Самокат,Доставка продуктов,-642.11,114498.25
2026-03-26 16:53,Wildberries,Маркетплейсы,-3367.48,111130.77
2026-03-26 21:56,ВкусВилл,Супермаркеты,-884.4,110246.37
2026-03-27 09:06,ВкусВилл,Супермаркеты,-851.92,109394.45
2026-03-27 14:51,Аптека Столички,Аптеки,-2824.24,106570.21
2026-03-27 16:17,Метрополитен,Транспорт,-57.0,106513.21
2026-03-27 22:04,Wildberries,Маркетплейсы,-1039.78,105473.43
2026-03-28 11:58,ВкусВилл,Супермаркеты,-1955.84,103517.59
2026-03-28 13:09,Аптека Столички,Аптеки,-1364.43,102153.16
2026-03-28 14:48,Магнит,Супермаркеты,-291.36,101861.8
2026-03-28 22:13,Метрополитен,Транспорт,-57.0,101804.8
2026-03-29 08:00,Магнит,Супермаркеты,-1098.58,100706.22
2026-03-29 16:01,Ситимобил,Транспорт,-659.35,100046.87
2026-03-30 22:54,ВкусВилл,Супермаркеты,-1569.23,98477.64
2026-03-31 08:47,Яндекс Такси,Транспорт,-436.21,98041.43
2026-03-31 10:19,Ozon,Маркетплейсы,-1669.5,96371.93
2026-03-31 15:14,Яндекс Такси,Транспорт,-1211.2,95160.73
2026-03-31 18:52,Магнит,Супермаркеты,-813.99,94346.74
2026-04-01 12:08,Метрополитен,Транспорт,-57.0,94289.74
2026-04-01 14:04,Ситимобил,Транспорт,-592.34,93697.4
2026-04-01 22:06,Метрополитен,Транспорт,-57.0,93640.4
2026-04-01 22:27,ВкусВилл,Супермаркеты,-1216.89,92423.51
2026-04-02 15:33,Вкусно - и точка,Фастфуд,-795.34,91628.17
2026-04-02 21:22,Магнит,Супермаркеты,-1231.25,90396.92
2026-04-03 14:59,Самокат,Доставка продуктов,-735.35,89661.57
2026-04-03 18:20,Wildberries,Маркетплейсы,-607.88,89053.69
2026-04-03 21:56,Пятерочка,Супермаркеты,-496.04,88557.65
2026-04-04 14:11,Wildberries,Маркетплейсы,-3075.6,85482.05
2026-04-05 08:53,Yandex Plus,Подписки/Цифровой контент,-299.0,85183.05
2026-04-05 09:09,Магнит,Супермаркеты,-927.91,84255.14
2026-04-05 10:54,Перекресток,Супермаркеты,-3567.16,80687.98
2026-04-05 20:50,АлиЭкспресс,Маркетплейсы,-110.1,80577.88
2026-04-05 22:12,ВкусВилл,Супермаркеты,-1132.17,79445.71
2026-04-06 09:29,Пятерочка,Супермаркеты,-357.84,79087.87
2026-04-06 11:50,ВкусВилл,Супермаркеты,-1707.05,77380.82
2026-04-06 18:02,Ozon,Маркетплейсы,-724.35,76656.47
2026-04-06 20:52,Яндекс Такси,Транспорт,-743.29,75913.18
2026-04-07 09:43,Яндекс Такси,Транспорт,-1056.64,74856.54
2026-04-07 09:59,Пятерочка,Супермаркеты,-1740.47,73116.07
2026-04-07 18:25,Пятерочка,Супермаркеты,-1016.72,72099.35
2026-04-07 21:03,Яндекс Такси,Транспорт,-1212.3,70887.05
2026-04-08 16:50,Самокат,Доставка продуктов,-581.37,70305.68
2026-04-08 17:57,Пятерочка,Супермаркеты,-2397.97,67907.71
2026-04-09 13:20,Пятерочка,Супермаркеты,-1887.43,66020.28
2026-04-09 16:23,Ситимобил,Транспорт,-883.56,65136.72
2026-04-09 21:26,Яндекс Такси,Транспорт,-995.22,64141.5
2026-04-10 09:46,Яндекс Такси,Транспорт,-750.37,63391.13
2026-04-10 09:51,Зачисление заработной платы,Зарплата,85000.0,148391.13
2026-04-10 10:39,Магнит,Супермаркеты,-1039.53,147351.6
2026-04-10 18:18,Вкусно - и точка,Фастфуд,-946.79,146404.81
2026-04-11 09:12,Ситимобил,Транспорт,-644.43,145760.38
2026-04-11 14:49,ВкусВилл,Супермаркеты,-1555.68,144204.7
2026-04-12 11:23,Аптека Столички,Аптеки,-567.93,143636.77
2026-04-12 12:46,Перекресток,Супермаркеты,-1855.51,141781.26
2026-04-12 16:34,Самокат,Доставка продуктов,-1084.18,140697.08
2026-04-12 21:04,Netflix,Развлечения,-999.0,139698.08
2026-04-12 22:40,Пятерочка,Супермаркеты,-2340.24,137357.84
2026-04-13 19:38,Магнит,Супермаркеты,-470.5,136887.34
2026-04-13 22:58,Магнит,Супермаркеты,-785.56,136101.78
2026-04-14 12:23,Яндекс Такси,Транспорт,-226.65,135875.13
2026-04-15 09:34,DDX MOSCOW,Спорт и фитнес,-1700.0,134175.13
2026-04-15 17:16,Самокат,Доставка продуктов,-792.9,133382.23
2026-04-15 21:07,Вкусно - и точка,Фастфуд,-982.04,132400.19
2026-04-16 20:40,Яндекс Такси,Транспорт,-537.31,131862.88
2026-04-17 08:05,Метрополитен,Транспорт,-57.0,131805.88
2026-04-17 09:59,АлиЭкспресс,Маркетплейсы,-315.17,131490.71
2026-04-17 14:52,Wildberries,Маркетплейсы,-2096.06,129394.65
2026-04-18 10:51,Пятерочка,Супермаркеты,-2461.48,126933.17
2026-04-18 11:15,Ситимобил,Транспорт,-200.24,126732.93
2026-04-18 22:08,Аптека Столички,Аптеки,-622.86,126110.07
2026-04-19 14:10,Перекресток,Супермаркеты,-2376.45,123733.62
2026-04-20 12:19,Ozon,Маркетплейсы,-1183.58,122550.04
2026-04-20 14:17,Магнит,Супермаркеты,-2009.4,120540.64
2026-04-20 18:34,Бургер Кинг,Фастфуд,-242.85,120297.79
2026-04-20 21:01,АлиЭкспресс,Маркетплейсы,-680.59,119617.2
2026-04-21 12:18,Пятерочка,Супермаркеты,-2063.63,117553.57
2026-04-21 15:02,ВкусВилл,Супермаркеты,-1083.16,116470.41
2026-04-21 20:51,Ситимобил,Транспорт,-245.96,116224.45
2026-04-22 11:30,VK_BOOM,Музыка,-169.0,116055.45
2026-04-22 16:14,Перекресток,Супермаркеты,-2831.26,113224.19
2026-04-22 17:12,АлиЭкспресс,Маркетплейсы,-219.19,113005.0
2026-04-23 09:28,АлиЭкспресс,Маркетплейсы,-1738.58,111266.42
2026-04-23 13:04,Ozon,Маркетплейсы,-2813.55,108452.87
2026-04-23 21:27,Бургер Кинг,Фастфуд,-774.67,107678.2
2026-04-23 22:19,Пятерочка,Супермаркеты,-2828.99,104849.21
2026-04-24 10:54,ВкусВилл,Супермаркеты,-1480.33,103368.88
2026-04-25 09:45,Зачисление заработной платы,Зарплата,85000.0,188368.88
2026-04-25 19:56,АлиЭкспресс,Маркетплейсы,-882.39,187486.49
2026-04-26 08:13,Аптека Столички,Аптеки,-401.4,187085.09
2026-04-26 14:42,Аптека Столички,Аптеки,-2007.77,185077.32
2026-04-26 18:08,Перекресток,Супермаркеты,-2797.8,182279.52
2026-04-26 18:11,Бургер Кинг,Фастфуд,-507.47,181772.05
2026-04-27 10:34,Самокат,Доставка продуктов,-793.17,180978.88
2026-04-27 19:16,Яндекс Такси,Транспорт,-838.64,180140.24
2026-04-27 22:35,Вкусно - и точка,Фастфуд,-1037.42,179102.82
2026-04-28 22:37,АлиЭкспресс,Маркетплейсы,-1857.57,177245.25
2026-04-29 18:15,Магнит,Супермаркеты,-1217.01,176028.24
2026-04-29 18:38,Вкусно - и точка,Фастфуд,-946.84,175081.4
2026-04-30 13:12,Аптека Столички,Аптеки,-2379.68,172701.72
2026-04-30 17:37,АлиЭкспресс,Маркетплейсы,-1123.16,171578.56
2026-04-30 19:18,Метрополитен,Транспорт,-57.0,171521.56
2026-04-30 20:48,Пятерочка,Супермаркеты,-1240.66,170280.9
2026-05-01 17:06,Пятерочка,Супермаркеты,-1249.7,169031.2
2026-05-01 20:26,Метрополитен,Транспорт,-57.0,168974.2
2026-05-02 10:32,ВкусВилл,Супермаркеты,-1318.11,167656.09
2026-05-02 17:04,Магнит,Супермаркеты,-2445.71,165210.38
2026-05-03 22:33,Wildberries,Маркетплейсы,-4226.87,160983.51
2026-05-04 15:21,Аптека Столички,Аптеки,-2407.55,158575.96
2026-05-04 18:54,Яндекс Такси,Транспорт,-1416.0,157159.96
2026-05-05 12:35,YM*PLUS,Подписки/Цифровой контент,-299.0,156860.96
2026-05-05 15:11,Самокат,Доставка продуктов,-705.41,156155.55
2026-05-05 19:49,Пятерочка,Супермаркеты,-2134.39,154021.16
2026-05-05 19:53,ВкусВилл,Супермаркеты,-563.38,153457.78
2026-05-05 20:41,Wildberries,Маркетплейсы,-4081.34,149376.44
2026-05-06 10:09,Яндекс Такси,Транспорт,-1409.95,147966.49
2026-05-06 18:43,Wildberries,Маркетплейсы,-2990.9,144975.59
2026-05-07 12:22,Пятерочка,Супермаркеты,-1517.67,143457.92
2026-05-07 16:42,Wildberries,Маркетплейсы,-4426.71,139031.21
2026-05-07 18:11,ВкусВилл,Супермаркеты,-1213.81,137817.4
2026-05-07 20:35,Ozon,Маркетплейсы,-4103.49,133713.91
2026-05-08 08:07,Яндекс Такси,Транспорт,-748.6,132965.31
2026-05-08 08:40,Метрополитен,Транспорт,-57.0,132908.31
2026-05-08 19:05,Ситимобил,Транспорт,-805.35,132102.96
2026-05-08 19:54,ВкусВилл,Супермаркеты,-507.02,131595.94
2026-05-09 13:20,Ozon,Маркетплейсы,-4867.55,126728.39
2026-05-10 08:11,Яндекс Такси,Транспорт,-1048.52,125679.87
2026-05-10 10:44,Зачисление заработной платы,Зарплата,85000.0,210679.87
2026-05-10 11:52,Перекресток,Супермаркеты,-2786.8,207893.07
2026-05-10 14:40,Аптека Столички,Аптеки,-2525.75,205367.32
2026-05-10 17:44,Ozon,Маркетплейсы,-3912.62,201454.7
2026-05-11 22:08,Яндекс Такси,Транспорт,-1427.18,200027.52
2026-05-12 08:07,Яндекс Такси,Транспорт,-427.87,199599.65
2026-05-12 16:00,Вкусно - и точка,Фастфуд,-284.96,199314.69
2026-05-12 18:04,Яндекс Такси,Транспорт,-884.93,198429.76
2026-05-12 20:46,Netflix Amsterdam,Развлечения,-999.0,197430.76
2026-05-13 09:22,Метрополитен,Транспорт,-57.0,197373.76
2026-05-13 10:22,Магнит,Супермаркеты,-2026.64,195347.12
2026-05-13 14:47,ВкусВилл,Супермаркеты,-926.54,194420.58
2026-05-13 19:31,Вкусно - и точка,Фастфуд,-591.46,193829.12
2026-05-14 09:44,Магнит,Супермаркеты,-610.5,193218.62
2026-05-14 11:05,Магнит,Супермаркеты,-1015.24,192203.38
2026-05-14 21:41,АлиЭкспресс,Маркетплейсы,-224.26,191979.12
2026-05-14 22:46,Аптека Столички,Аптеки,-2772.23,189206.89
2026-05-15 09:42,Фитнес DDX,Спорт и фитнес,-1700.0,187506.89
2026-05-15 13:38,Яндекс Такси,Транспорт,-621.39,186885.5
2026-05-15 14:03,Метрополитен,Транспорт,-57.0,186828.5
2026-05-15 16:25,Магнит,Супермаркеты,-2350.03,184478.47
2026-05-15 19:21,Ситимобил,Транспорт,-783.25,183695.22
2026-05-16 11:51,Яндекс Такси,Транспорт,-194.51,183500.71
2026-05-16 14:32,Магнит,Супермаркеты,-213.36,183287.35
2026-05-17 10:20,Яндекс Такси,Транспорт,-1098.95,182188.4
2026-05-17 11:34,Бургер Кинг,Фастфуд,-577.35,181611.05
2026-05-17 17:30,Wildberries,Маркетплейсы,-3922.37,177688.68
2026-05-18 12:58,Вкусно - и точка,Фастфуд,-382.72,177305.96
2026-05-18 14:30,KASPERSKY*LAB,Программное обеспечение,-1990.0,175315.96
2026-05-18 19:30,ВкусВилл,Супермаркеты,-928.28,174387.68
2026-05-19 15:51,Метрополитен,Транспорт,-57.0,174330.68
2026-05-19 20:21,ВкусВилл,Супермаркеты,-1141.68,173189.0
2026-05-20 12:05,Ситимобил,Транспорт,-703.77,172485.23
2026-05-20 13:24,АлиЭкспресс,Маркетплейсы,-1260.18,171225.05
2026-05-20 15:06,Аптека Столички,Аптеки,-1241.59,169983.46
2026-05-21 10:44,ВкусВилл,Супермаркеты,-1638.77,168344.69
2026-05-21 15:43,Ситимобил,Транспорт,-752.96,167591.73
2026-05-22 09:37,Wildberries,Маркетплейсы,-3366.93,164224.8
2026-05-22 10:53,VK Music,Музыка,-169.0,164055.8
2026-05-22 12:11,Бургер Кинг,Фастфуд,-388.05,163667.75
2026-05-22 19:26,Вкусно - и точка,Фастфуд,-399.32,163268.43
2026-05-23 10:22,Аптека Столички,Аптеки,-2818.18,160450.25
2026-05-23 10:29,Самокат,Доставка продуктов,-799.14,159651.11
2026-05-23 10:51,Ozon,Маркетплейсы,-3063.16,156587.95
2026-05-23 15:44,Вкусно - и точка,Фастфуд,-216.34,156371.61
2026-05-24 17:03,Самокат,Доставка продуктов,-529.52,155842.09
2026-05-24 21:12,Бургер Кинг,Фастфуд,-385.61,155456.48
2026-05-24 22:59,Wildberries,Маркетплейсы,-3929.32,151527.16
2026-05-25 08:22,Пятерочка,Супермаркеты,-481.58,151045.58
2026-05-25 10:20,Бургер Кинг,Фастфуд,-732.65,150312.93
2026-05-25 10:39,Зачисление заработной платы,Зарплата,85000.0,235312.93
2026-05-25 20:21,Пятерочка,Супермаркеты,-706.54,234606.39
2026-05-25 22:29,ВкусВилл,Супермаркеты,-533.71,234072.68
2026-05-26 10:15,Магнит,Супермаркеты,-1123.96,232948.72
2026-05-26 11:41,Пятерочка,Супермаркеты,-1896.94,231051.78
2026-05-26 15:48,Аптека Столички,Аптеки,-989.89,230061.89
2026-05-26 16:33,Перекресток,Супермаркеты,-830.76,229231.13
2026-05-27 14:01,Бургер Кинг,Фастфуд,-495.03,228736.1
2026-05-27 14:27,Бургер Кинг,Фастфуд,-589.99,228146.11
2026-05-28 11:19,Бургер Кинг,Фастфуд,-314.97,227831.14
2026-05-28 15:32,Ozon,Маркетплейсы,-3458.52,224372.62
2026-05-29 11:31,Перекресток,Супермаркеты,-2353.02,222019.6
2026-05-29 20:12,Аптека Столички,Аптеки,-1803.88,220215.72
2026-05-30 10:44,Магнит,Супермаркеты,-861.23,219354.49
2026-05-31 18:59,Метрополитен,Транспорт,-57.0,219297.49
2026-06-01 11:09,Вкусно - и точка,Фастфуд,-461.93,218835.56
2026-06-01 12:16,АлиЭкспресс,Маркетплейсы,-248.19,218587.37
2026-06-01 20:14,ВкусВилл,Супермаркеты,-1284.02,217303.35
2026-06-01 22:45,Wildberries,Маркетплейсы,-2867.76,214435.59
2026-06-02 12:31,Магнит,Супермаркеты,-1113.63,213321.96
2026-06-02 19:57,ВкусВилл,Супермаркеты,-414.16,212907.8
2026-06-03 16:04,Перекресток,Супермаркеты,-2127.2,210780.6
2026-06-04 09:44,Метрополитен,Транспорт,-57.0,210723.6
2026-06-04 12:21,Аптека Столички,Аптеки,-170.76,210552.84
2026-06-04 19:46,Перекресток,Супермаркеты,-2043.68,208509.16
2026-06-04 20:28,Вкусно - и точка,Фастфуд,-475.63,208033.53
2026-06-05 08:10,YANDEX*PLUS,Подписки/Цифровой контент,-299.0,207734.53
2026-06-05 13:54,Метрополитен,Транспорт,-57.0,207677.53
2026-06-05 13:59,Магнит,Супермаркеты,-692.34,206985.19
2026-06-05 17:33,Ozon,Маркетплейсы,-1496.13,205489.06
2026-06-05 18:45,Магнит,Супермаркеты,-393.22,205095.84
2026-06-06 10:41,Перекресток,Супермаркеты,-1124.35,203971.49
2026-06-06 15:24,Яндекс Такси,Транспорт,-1275.74,202695.75
2026-06-06 19:28,Аптека Столички,Аптеки,-1063.78,201631.97
2026-06-07 13:24,Ozon,Маркетплейсы,-4087.54,197544.43
2026-06-07 16:15,АлиЭкспресс,Маркетплейсы,-1578.27,195966.16
2026-06-08 13:53,Самокат,Доставка продуктов,-1492.02,194474.14
2026-06-08 19:27,Wildberries,Маркетплейсы,-1900.65,192573.49
2026-06-09 15:14,Ozon,Маркетплейсы,-4629.11,187944.38
2026-06-10 08:15,Метрополитен,Транспорт,-57.0,187887.38
2026-06-10 10:09,Зачисление заработной платы,Зарплата,85000.0,272887.38
2026-06-10 15:21,Ozon,Маркетплейсы,-317.58,272569.8
2026-06-10 17:20,Метрополитен,Транспорт,-57.0,272512.8
2026-06-11 12:11,Самокат,Доставка продуктов,-459.93,272052.87
2026-06-12 10:11,Перекресток,Супермаркеты,-1346.84,270706.03
2026-06-12 14:35,Аптека Столички,Аптеки,-901.88,269804.15
2026-06-12 17:26,Метрополитен,Транспорт,-57.0,269747.15
2026-06-12 18:57,Netflix,Развлечения,-1199.0,268548.15
2026-06-12 18:58,Перекресток,Супермаркеты,-2844.03,265704.12
2026-06-13 12:57,Метрополитен,Транспорт,-57.0,265647.12
2026-06-13 13:50,Wildberries,Маркетплейсы,-3184.21,262462.91
2026-06-13 19:49,Перекресток,Супермаркеты,-762.71,261700.2
2026-06-14 14:17,Яндекс Такси,Транспорт,-376.72,261323.48
2026-06-15 09:02,DDX*FITNESS,Спорт и фитнес,-1700.0,259623.48
2026-06-15 15:49,Пятерочка,Супермаркеты,-869.68,258753.8
2026-06-15 16:31,Ситимобил,Транспорт,-360.35,258393.45
2026-06-15 17:02,Вкусно - и точка,Фастфуд,-930.38,257463.07
2026-06-15 17:53,Пятерочка,Супермаркеты,-2746.63,254716.44
2026-06-16 09:04,Пятерочка,Супермаркеты,-2128.1,252588.34
2026-06-16 11:14,АлиЭкспресс,Маркетплейсы,-349.4,252238.94
2026-06-16 15:34,Вкусно - и точка,Фастфуд,-714.75,251524.19
2026-06-17 11:20,Самокат,Доставка продуктов,-1065.75,250458.44
2026-06-17 11:52,ВкусВилл,Супермаркеты,-1226.21,249232.23
2026-06-17 18:33,ВкусВилл,Супермаркеты,-455.86,248776.37
2026-06-17 18:41,Wildberries,Маркетплейсы,-1886.81,246889.56
2026-06-18 12:55,Аптека Столички,Аптеки,-2606.64,244282.92
2026-06-18 16:52,Метрополитен,Транспорт,-57.0,244225.92
2026-06-19 08:45,Бургер Кинг,Фастфуд,-550.42,243675.5
2026-06-19 10:04,Яндекс Такси,Транспорт,-320.62,243354.88
2026-06-19 13:06,Яндекс Такси,Транспорт,-1005.73,242349.15
2026-06-19 17:48,Wildberries,Маркетплейсы,-288.93,242060.22
2026-06-20 19:49,Аптека Столички,Аптеки,-1907.02,240153.2
2026-06-21 11:28,Самокат,Доставка продуктов,-1070.27,239082.93
2026-06-21 18:12,Аптека Столички,Аптеки,-408.24,238674.69
2026-06-21 21:52,АлиЭкспресс,Маркетплейсы,-1559.89,237114.8
2026-06-22 10:21,MYCOM*VK,Музыка,-169.0,236945.8
2026-06-22 12:59,ВкусВилл,Супермаркеты,-1342.15,235603.65
2026-06-22 15:23,Самокат,Доставка продуктов,-1393.02,234210.63
2026-06-22 20:43,Метрополитен,Транспорт,-57.0,234153.63
2026-06-23 13:25,Ozon,Маркетплейсы,-532.56,233621.07
2026-06-23 16:04,Перекресток,Супермаркеты,-2100.42,231520.65
2026-06-23 18:27,Аптека Столички,Аптеки,-485.34,231035.31
2026-06-24 10:55,ВкусВилл,Супермаркеты,-1440.93,229594.38
2026-06-24 11:27,Бургер Кинг,Фастфуд,-301.57,229292.81
2026-06-24 13:01,Аптека Столички,Аптеки,-711.75,228581.06
2026-06-24 16:24,Перекресток,Супермаркеты,-3715.18,224865.88
2026-06-25 11:58,Ozon,Маркетплейсы,-3148.41,221717.47
2026-06-25 12:47,Зачисление заработной платы,Зарплата,85000.0,306717.47
2026-06-25 18:37,Пятерочка,Супермаркеты,-378.77,306338.7
2026-06-26 14:25,Яндекс Такси,Транспорт,-425.09,305913.61
2026-06-26 15:21,ВкусВилл,Супермаркеты,-485.96,305427.65
2026-06-27 18:49,Вкусно - и точка,Фастфуд,-1173.86,304253.79
2026-06-28 13:34,Перекресток,Супермаркеты,-1645.52,302608.27
2026-06-28 17:27,Ozon,Маркетплейсы,-1151.29,301456.98
2026-06-28 18:02,Ozon,Маркетплейсы,-3044.66,298412.32
2026-06-28 18:21,Перекресток,Супермаркеты,-3156.12,295256.2
2026-06-29 08:31,Wildberries,Маркетплейсы,-3276.08,291980.12
2026-06-29 11:56,Перекресток,Супермаркеты,-1675.34,290304.78
2026-06-29 19:03,Пятерочка,Супермаркеты,-1949.87,288354.91
2026-06-29 19:06,Ситимобил,Транспорт,-243.88,288111.03
2026-06-30 10:44,Метрополитен,Транспорт,-57.0,288054.03
2026-06-30 11:28,ВкусВилл,Супермаркеты,-703.57,287350.46
2026-06-30 16:13,Пятерочка,Супермаркеты,-301.5,287048.96
2026-07-01 17:15,Бургер Кинг,Фастфуд,-989.05,286059.91
2026-07-01 19:30,Ozon,Маркетплейсы,-4781.92,281277.99
2026-07-02 09:42,Ситимобил,Транспорт,-276.24,281001.75
2026-07-03 10:15,ВкусВилл,Супермаркеты,-1713.56,279288.19
2026-07-03 17:34,Перекресток,Супермаркеты,-3703.46,275584.73
2026-07-03 22:04,АлиЭкспресс,Маркетплейсы,-1753.17,273831.56
2026-07-04 09:15,Wildberries,Маркетплейсы,-2883.4,270948.16
2026-07-04 21:17,ВкусВилл,Супермаркеты,-662.51,270285.65
2026-07-05 09:15,Яндекс Такси,Транспорт,-1460.35,268825.3
2026-07-05 12:21,YANDEX*PLUS,Подписки/Цифровой контент,-299.0,268526.3
2026-07-05 13:58,Пятерочка,Супермаркеты,-2107.83,266418.47
2026-07-06 19:47,Пятерочка,Супермаркеты,-2450.08,263968.39
2026-07-06 20:33,Ozon,Маркетплейсы,-2744.51,261223.88
2026-07-06 20:42,Ozon,Маркетплейсы,-1614.28,259609.6
2026-07-07 09:06,Wildberries,Маркетплейсы,-437.13,259172.47
2026-07-07 09:50,Ситимобил,Транспорт,-539.85,258632.62
2026-07-07 11:35,Метрополитен,Транспорт,-57.0,258575.62
2026-07-07 13:58,ВкусВилл,Супермаркеты,-988.38,257587.24
2026-07-08 08:58,Вкусно - и точка,Фастфуд,-903.22,256684.02
2026-07-08 10:44,Ozon,Маркетплейсы,-4551.27,252132.75
2026-07-08 11:22,Вкусно - и точка,Фастфуд,-911.31,251221.44
2026-07-08 21:44,Ситимобил,Транспорт,-337.86,250883.58
2026-07-09 09:59,Самокат,Доставка продуктов,-1326.03,249557.55
2026-07-09 18:44,Бургер Кинг,Фастфуд,-896.45,248661.1
2026-07-10 09:16,Самокат,Доставка продуктов,-1321.09,247340.01
2026-07-10 12:01,Зачисление заработной платы,Зарплата,85000.0,332340.01
2026-07-11 15:42,Яндекс Такси,Транспорт,-315.81,332024.2
2026-07-11 17:19,Вкусно - и точка,Фастфуд,-1119.06,330905.14
2026-07-11 17:58,Перекресток,Супермаркеты,-3240.93,327664.21
2026-07-11 18:29,Аптека Столички,Аптеки,-2214.01,325450.2
2026-07-12 10:12,Бургер Кинг,Фастфуд,-952.75,324497.45
2026-07-12 18:29,Wildberries,Маркетплейсы,-1164.18,323333.27
2026-07-12 18:42,NFLX,Развлечения,-1199.0,322134.27
2026-07-12 21:59,Метрополитен,Транспорт,-57.0,322077.27
2026-07-13 11:44,ВкусВилл,Супермаркеты,-1112.8,320964.47
2026-07-13 16:48,Ситимобил,Транспорт,-416.63,320547.84
2026-07-13 22:55,Магнит,Супермаркеты,-369.87,320177.97
2026-07-14 10:30,Метрополитен,Транспорт,-57.0,320120.97
2026-07-14 16:06,Ozon,Маркетплейсы,-391.46,319729.51
2026-07-14 17:35,Аптека Столички,Аптеки,-2645.51,317084.0
2026-07-15 07:58,Фитнес DDX,Спорт и фитнес,-1750.0,315334.0
2026-07-15 09:39,Wildberries,Маркетплейсы,-1265.9,314068.1
2026-07-15 12:08,Магнит,Супермаркеты,-2173.3,311894.8
2026-07-15 12:21,АлиЭкспресс,Маркетплейсы,-1209.79,310685.01
2026-07-15 15:46,Перекресток,Супермаркеты,-3884.15,306800.86
2026-07-16 14:18,Яндекс Такси,Транспорт,-1402.22,305398.64
2026-07-16 21:36,Магнит,Супермаркеты,-730.39,304668.25
2026-07-17 14:49,Вкусно - и точка,Фастфуд,-563.0,304105.25
2026-07-18 11:18,Самокат,Доставка продуктов,-1335.9,302769.35
2026-07-19 09:25,Яндекс Такси,Транспорт,-399.07,302370.28
2026-07-19 12:08,Вкусно - и точка,Фастфуд,-1057.94,301312.34
2026-07-19 15:04,Аптека Столички,Аптеки,-1670.19,299642.15
2026-07-19 18:10,ВкусВилл,Супермаркеты,-748.61,298893.54
2026-07-20 08:18,Метрополитен,Транспорт,-57.0,298836.54
2026-07-20 19:52,АлиЭкспресс,Маркетплейсы,-547.25,298289.29
2026-07-20 21:45,Вкусно - и точка,Фастфуд,-798.1,297491.19
2026-07-21 20:03,Самокат,Доставка продуктов,-659.3,296831.89
2026-07-21 21:18,Метрополитен,Транспорт,-57.0,296774.89
2026-07-22 10:13,MYCOM*VK,Музыка,-169.0,296605.89
2026-07-22 10:56,Яндекс Такси,Транспорт,-545.85,296060.04
2026-07-22 21:02,Метрополитен,Транспорт,-57.0,296003.04
2026-07-23 10:50,Перекресток,Супермаркеты,-930.25,295072.79
2026-07-23 20:29,Бургер Кинг,Фастфуд,-251.4,294821.39
2026-07-23 21:35,АлиЭкспресс,Маркетплейсы,-419.85,294401.54
2026-07-23 21:56,АлиЭкспресс,Маркетплейсы,-1516.62,292884.92
2026-07-24 11:29,Пятерочка,Супермаркеты,-2661.85,290223.07
2026-07-25 12:42,Зачисление заработной платы,Зарплата,85000.0,375223.07
2026-07-25 18:24,Самокат,Доставка продуктов,-555.03,374668.04
2026-07-25 19:38,Магнит,Супермаркеты,-208.21,374459.83
2026-07-25 21:31,Перекресток,Супермаркеты,-2928.43,371531.4
2026-07-26 08:25,Wildberries,Маркетплейсы,-965.36,370566.04
2026-07-26 08:34,Ozon,Маркетплейсы,-2668.69,367897.35
2026-07-26 22:18,Перекресток,Супермаркеты,-1106.65,366790.7
2026-07-27 12:53,Вкусно - и точка,Фастфуд,-632.9,366157.8
2026-07-27 20:57,Яндекс Такси,Транспорт,-973.39,365184.41
2026-07-28 11:51,Wildberries,Маркетплейсы,-682.05,364502.36
2026-07-28 13:56,Бургер Кинг,Фастфуд,-577.43,363924.93
2026-07-29 19:01,ВкусВилл,Супермаркеты,-993.76,362931.17
2026-07-30 18:26,Самокат,Доставка продуктов,-899.93,362031.24
2026-07-30 20:45,Пятерочка,Супермаркеты,-2341.28,359689.96
2026-07-31 11:12,Яндекс Такси,Транспорт,-290.09,359399.87
2026-07-31 17:24,Магнит,Супермаркеты,-1484.46,357915.41
2026-07-31 20:53,Пятерочка,Супермаркеты,-814.44,357100.97
2026-07-31 21:24,Метрополитен,Транспорт,-57.0,357043.97
2026-08-01 10:37,Аптека Столички,Аптеки,-2266.82,354777.15
2026-08-01 12:48,Перекресток,Супермаркеты,-1402.57,353374.58
2026-08-02 12:27,Пятерочка,Супермаркеты,-1073.61,352300.97
2026-08-03 14:26,Пятерочка,Супермаркеты,-1113.55,351187.42
2026-08-04 08:57,Yandex.Plus,Подписки/Цифровой контент,-299.0,350888.42
2026-08-04 15:49,Бургер Кинг,Фастфуд,-448.35,350440.07
2026-08-04 19:49,Метрополитен,Транспорт,-57.0,350383.07
2026-08-04 22:27,Перекресток,Супермаркеты,-3798.65,346584.42
2026-08-05 19:03,Яндекс Такси,Транспорт,-429.36,346155.06
2026-08-06 17:41,Ситимобил,Транспорт,-893.89,345261.17
2026-08-07 13:37,ВкусВилл,Супермаркеты,-896.07,344365.1
2026-08-08 12:24,Пятерочка,Супермаркеты,-1043.47,343321.63
2026-08-08 16:10,Бургер Кинг,Фастфуд,-329.78,342991.85
2026-08-08 21:35,Вкусно - и точка,Фастфуд,-650.73,342341.12
2026-08-09 08:22,Аптека Столички,Аптеки,-285.84,342055.28
2026-08-10 09:16,Зачисление заработной платы,Зарплата,85000.0,427055.28
2026-08-10 16:57,Вкусно - и точка,Фастфуд,-378.26,426677.02
2026-08-11 12:16,Вкусно - и точка,Фастфуд,-196.93,426480.09
2026-08-11 12:39,Яндекс Такси,Транспорт,-887.84,425592.25
2026-08-11 15:26,ВкусВилл,Супермаркеты,-1895.18,423697.07
2026-08-11 22:50,Перекресток,Супермаркеты,-2454.06,421243.01
2026-08-12 12:26,Пятерочка,Супермаркеты,-673.13,420569.88
2026-08-12 13:18,Бургер Кинг,Фастфуд,-599.53,419970.35
2026-08-12 19:50,Netflix,Развлечения,-1199.0,418771.35
2026-08-13 22:40,ВкусВилл,Супермаркеты,-1169.42,417601.93
2026-08-14 13:55,Ozon,Маркетплейсы,-1972.92,415629.01
2026-08-14 18:43,Ozon,Маркетплейсы,-520.15,415108.86
2026-08-14 21:38,Вкусно - и точка,Фастфуд,-1182.75,413926.11
2026-08-15 08:10,Fitnes DDX,Спорт и фитнес,-1750.0,412176.11
2026-08-15 16:44,Яндекс Такси,Транспорт,-493.42,411682.69
2026-08-15 19:42,Яндекс Такси,Транспорт,-1383.03,410299.66
2026-08-16 16:48,Метрополитен,Транспорт,-57.0,410242.66
2026-08-16 17:14,АлиЭкспресс,Маркетплейсы,-1166.45,409076.21
2026-08-17 17:22,Аптека Столички,Аптеки,-1530.02,407546.19
2026-08-17 19:22,АлиЭкспресс,Маркетплейсы,-1497.37,406048.82
2026-08-17 21:03,Wildberries,Маркетплейсы,-2323.97,403724.85
2026-08-18 16:55,Ситимобил,Транспорт,-588.14,403136.71
2026-08-19 12:07,Метрополитен,Транспорт,-57.0,403079.71
2026-08-19 15:22,Магнит,Супермаркеты,-567.13,402512.58
2026-08-19 18:23,Перекресток,Супермаркеты,-3863.88,398648.7
2026-08-20 21:13,Аптека Столички,Аптеки,-2403.69,396245.01
2026-08-21 19:28,Аптека Столички,Аптеки,-1351.76,394893.25
2026-08-21 22:42,Магнит,Супермаркеты,-1177.7,393715.55
2026-08-21 22:57,Ozon,Маркетплейсы,-1118.3,392597.25
2026-08-22 11:33,MYCOM*VK,Музыка,-169.0,392428.25
2026-08-22 16:10,Пятерочка,Супермаркеты,-2974.92,389453.33
2026-08-22 19:00,Перекресток,Супермаркеты,-662.06,388791.27
2026-08-23 13:02,Wildberries,Маркетплейсы,-711.15,388080.12
2026-08-23 22:15,Вкусно - и точка,Фастфуд,-915.05,387165.07
2026-08-24 10:20,Wildberries,Маркетплейсы,-1838.95,385326.12
2026-08-24 20:40,Бургер Кинг,Фастфуд,-894.1,384432.02
2026-08-24 21:17,АлиЭкспресс,Маркетплейсы,-1085.33,383346.69
2026-08-24 22:15,Пятерочка,Супермаркеты,-590.92,382755.77
2026-08-25 09:01,Зачисление заработной платы,Зарплата,85000.0,467755.77
2026-08-25 22:48,Яндекс Такси,Транспорт,-358.34,467397.43
2026-08-26 15:03,АлиЭкспресс,Маркетплейсы,-1096.14,466301.29
2026-08-26 18:10,Пятерочка,Супермаркеты,-839.51,465461.78
2026-08-26 20:53,Пятерочка,Супермаркеты,-2607.14,462854.64
2026-08-26 20:55,ВкусВилл,Супермаркеты,-734.83,462119.81
2026-08-27 14:29,Самокат,Доставка продуктов,-1021.08,461098.73
2026-08-28 09:08,Метрополитен,Транспорт,-57.0,461041.73
2026-08-28 11:07,Ситимобил,Транспорт,-540.07,460501.66
2026-08-28 13:08,ВкусВилл,Супермаркеты,-1008.73,459492.93
2026-08-28 13:32,Бургер Кинг,Фастфуд,-934.07,458558.86
2026-08-29 16:23,Метрополитен,Транспорт,-57.0,458501.86
2026-08-29 19:05,АлиЭкспресс,Маркетплейсы,-1648.2,456853.66
2026-08-29 20:49,Магнит,Супермаркеты,-1655.33,455198.33
2026-08-30 17:59,Ozon,Маркетплейсы,-2604.25,452594.08
2026-08-30 19:46,Перекресток,Супермаркеты,-1954.06,450640.02
2026-08-30 22:01,Магнит,Супермаркеты,-1452.88,449187.14
2026-08-31 11:36,Вкусно - и точка,Фастфуд,-658.07,448529.07
2026-08-31 12:19,Ozon,Маркетплейсы,-2417.98,446111.09
2026-08-31 14:05,Метрополитен,Транспорт,-57.0,446054.09
2026-08-31 22:52,Wildberries,Маркетплейсы,-3515.05,442539.04
